timestamp,participant_id,condition,study_id,session_id

2024-03-19T09:43:04+0000,DEBUG,27.csv,DEBUG,0
2024-03-19T09:49:27+0000,DEBUG,29.csv,DEBUG,0
2024-03-19T09:49:52+0000,DEBUG,25.csv,DEBUG,0
2024-03-19T09:50:03+0000,DEBUG,32.csv,DEBUG,0
2024-03-19T09:52:24+0000,DEBUG,28.csv,DEBUG,0
2024-03-19T09:53:10+0000,DEBUG,14.csv,DEBUG,0
2024-03-19T10:01:46+0000,DEBUG,16.csv,DEBUG,0
2024-03-19T10:03:05+0000,DEBUG,9.csv,DEBUG,0
2024-03-19T10:04:09+0000,DEBUG,34.csv,DEBUG,0
2024-03-19T10:05:47+0000,DEBUG,5.csv,DEBUG,0
2024-03-19T10:07:14+0000,DEBUG,38.csv,DEBUG,0
2024-03-19T10:09:06+0000,DEBUG,3.csv,DEBUG,0
2024-03-19T10:10:44+0000,DEBUG,2.csv,DEBUG,0
2024-03-19T10:14:44+0000,,40.csv,,
2024-03-19T10:15:15+0000,,18.csv,,
2024-03-19T10:15:39+0000,,20.csv,,
2024-03-19T10:15:54+0000,DEBUG,26.csv,DEBUG,0
2024-03-19T10:16:03+0000,,6.csv,,
2024-03-19T10:16:08+0000,DEBUG,22.csv,DEBUG,0
2024-03-19T10:17:23+0000,DEBUG,4.csv,DEBUG,0
2024-03-19T10:18:42+0000,DEBUG,36.csv,DEBUG,0
2024-03-19T10:19:03+0000,DEBUG,24.csv,DEBUG,0
2024-03-19T10:21:27+0000,DEBUG,10.csv,DEBUG,0
2024-03-19T10:24:38+0000,DEBUG,30.csv,DEBUG,0
2024-03-19T10:25:31+0000,DEBUG,17.csv,DEBUG,0
2024-03-19T10:30:04+0000,DEBUG,8.csv,DEBUG,0
2024-03-19T10:30:38+0000,DEBUG,21.csv,DEBUG,0
2024-03-19T10:34:32+0000,DEBUG,12.csv,DEBUG,0
2024-03-19T10:35:14+0000,DEBUG,19.csv,DEBUG,0
2024-03-19T10:36:04+0000,DEBUG,35.csv,DEBUG,0
2024-03-19T10:37:01+0000,DEBUG,23.csv,DEBUG,0
2024-03-19T10:37:51+0000,DEBUG,39.csv,DEBUG,0
2024-03-19T10:38:44+0000,DEBUG,37.csv,DEBUG,0
2024-03-19T11:17:35+0000,DEBUG,31.csv,DEBUG,0
2024-03-19T11:17:59+0000,DEBUG,15.csv,DEBUG,0
2024-03-19T11:40:03+0000,DEBUG,1.csv,DEBUG,0
2024-03-19T11:47:54+0000,DEBUG,11.csv,DEBUG,0
2024-03-19T11:57:31+0000,DEBUG,13.csv,DEBUG,0
2024-03-19T12:01:29+0000,DEBUG,33.csv,DEBUG,0
2024-03-19T14:26:24+0000,DEBUG,34.csv,DEBUG,0
2024-03-19T14:26:29+0000,DEBUG,14.csv,DEBUG,0
2024-03-19T14:28:30+0000,DEBUG,32.csv,DEBUG,0
2024-03-19T14:45:40+0000,DEBUG,20.csv,DEBUG,0
2024-03-19T14:46:25+0000,DEBUG,1.csv,DEBUG,0
2024-03-19T14:47:13+0000,DEBUG,39.csv,DEBUG,0
2024-03-19T14:52:53+0000,DEBUG,24.csv,DEBUG,0
2024-03-19T14:54:00+0000,DEBUG,4.csv,DEBUG,0
2024-03-19T14:54:14+0000,DEBUG,29.csv,DEBUG,0
2024-03-19T14:55:00+0000,DEBUG,13.csv,DEBUG,0
2024-03-19T15:03:15+0000,DEBUG,6.csv,DEBUG,0
2024-03-19T15:04:11+0000,DEBUG,12.csv,DEBUG,0
2024-03-19T15:21:50+0000,DEBUG,21.csv,DEBUG,0
2024-03-19T15:27:11+0000,DEBUG,30.csv,DEBUG,0
2024-03-19T15:33:06+0000,DEBUG,27.csv,DEBUG,0
2024-03-19T15:34:58+0000,DEBUG,22.csv,DEBUG,0
2024-03-19T16:48:08+0000,DEBUG,40.csv,DEBUG,0
2024-03-19T17:37:07+0000,DEBUG,16.csv,DEBUG,0
2024-03-19T17:38:24+0000,DEBUG,31.csv,DEBUG,0
2024-03-19T17:45:11+0000,DEBUG,38.csv,DEBUG,0
2024-03-19T17:46:59+0000,DEBUG,36.csv,DEBUG,0
2024-03-19T17:53:06+0000,DEBUG,2.csv,DEBUG,0
2024-03-20T08:08:26+0000,DEBUG,37.csv,DEBUG,0
2024-03-20T09:53:31+0000,DEBUG,15.csv,DEBUG,0
2024-03-20T09:54:21+0000,DEBUG,26.csv,DEBUG,0
2024-03-20T09:58:12+0000,DEBUG,18.csv,DEBUG,0
2024-03-20T09:59:19+0000,DEBUG,35.csv,DEBUG,0
2024-03-20T10:00:06+0000,DEBUG,3.csv,DEBUG,0
2024-03-20T10:01:30+0000,DEBUG,5.csv,DEBUG,0
2024-03-20T10:02:05+0000,DEBUG,17.csv,DEBUG,0
2024-03-20T10:02:26+0000,DEBUG,11.csv,DEBUG,0
2024-03-20T10:02:47+0000,DEBUG,33.csv,DEBUG,0
2024-03-20T10:03:26+0000,DEBUG,9.csv,DEBUG,0
2024-03-20T10:08:06+0000,DEBUG,23.csv,DEBUG,0
2024-03-20T10:08:57+0000,DEBUG,19.csv,DEBUG,0
2024-03-20T10:09:32+0000,DEBUG,8.csv,DEBUG,0
2024-03-20T10:10:38+0000,DEBUG,28.csv,DEBUG,0
2024-03-20T10:11:17+0000,DEBUG,25.csv,DEBUG,0
2024-03-20T10:33:10+0000,DEBUG,10.csv,DEBUG,0
2024-03-20T10:34:40+0000,DEBUG,6.csv,DEBUG,0
2024-03-20T10:35:37+0000,DEBUG,32.csv,DEBUG,0
2024-03-20T10:42:10+0000,DEBUG,10.csv,DEBUG,0
2024-03-20T10:45:45+0000,DEBUG,29.csv,DEBUG,0
2024-03-20T13:25:09+0000,DEBUG,34.csv,DEBUG,0
2024-03-20T13:28:53+0000,DEBUG,5.csv,DEBUG,0
2024-03-20T13:30:35+0000,DEBUG,38.csv,DEBUG,0
2024-03-20T13:35:45+0000,DEBUG,39.csv,DEBUG,0
2024-03-20T13:43:56+0000,DEBUG,25.csv,DEBUG,0
2024-03-20T13:45:19+0000,DEBUG,8.csv,DEBUG,0
2024-03-20T13:46:10+0000,DEBUG,40.csv,DEBUG,0
2024-03-20T13:46:13+0000,DEBUG,3.csv,DEBUG,0
2024-03-20T13:47:34+0000,DEBUG,16.csv,DEBUG,0
2024-03-20T13:48:41+0000,DEBUG,36.csv,DEBUG,0
2024-03-20T13:48:55+0000,DEBUG,4.csv,DEBUG,0
2024-03-20T13:51:37+0000,DEBUG,20.csv,DEBUG,0
2024-03-20T13:51:42+0000,DEBUG,24.csv,DEBUG,0
2024-03-20T13:52:18+0000,DEBUG,17.csv,DEBUG,0
2024-03-20T13:52:19+0000,DEBUG,33.csv,DEBUG,0
2024-03-20T13:52:27+0000,DEBUG,9.csv,DEBUG,0
2024-03-20T13:53:32+0000,DEBUG,23.csv,DEBUG,0
2024-03-20T13:54:13+0000,DEBUG,11.csv,DEBUG,0
2024-03-20T13:54:15+0000,DEBUG,37.csv,DEBUG,0
2024-03-20T13:54:22+0000,DEBUG,21.csv,DEBUG,0
2024-03-20T13:54:25+0000,DEBUG,15.csv,DEBUG,0
2024-03-20T13:54:38+0000,DEBUG,13.csv,DEBUG,0
2024-03-20T13:54:50+0000,DEBUG,12.csv,DEBUG,0
2024-03-20T13:57:05+0000,DEBUG,22.csv,DEBUG,0
2024-03-20T13:57:15+0000,DEBUG,19.csv,DEBUG,0
2024-03-20T13:58:03+0000,DEBUG,26.csv,DEBUG,0
2024-03-20T13:58:07+0000,DEBUG,18.csv,DEBUG,0
2024-03-20T13:58:09+0000,DEBUG,2.csv,DEBUG,0
2024-03-20T13:58:11+0000,DEBUG,27.csv,DEBUG,0
2024-03-20T13:58:13+0000,DEBUG,35.csv,DEBUG,0
2024-03-20T14:16:03+0000,DEBUG,31.csv,DEBUG,0
2024-03-20T14:16:25+0000,DEBUG,1.csv,DEBUG,0
2024-03-20T14:16:39+0000,DEBUG,28.csv,DEBUG,0
2024-03-20T14:17:43+0000,DEBUG,14.csv,DEBUG,0
2024-03-20T16:32:33+0000,DEBUG,30.csv,DEBUG,0
2024-03-20T16:34:12+0000,DEBUG,25.csv,DEBUG,0
2024-03-20T16:35:22+0000,DEBUG,16.csv,DEBUG,0
2024-03-20T16:36:12+0000,DEBUG,32.csv,DEBUG,0
2024-03-20T16:38:03+0000,DEBUG,40.csv,DEBUG,0
2024-03-20T16:40:59+0000,DEBUG,36.csv,DEBUG,0
2024-03-20T16:42:05+0000,DEBUG,26.csv,DEBUG,0
2024-03-20T16:42:22+0000,DEBUG,38.csv,DEBUG,0
2024-03-20T16:42:47+0000,DEBUG,2.csv,DEBUG,0
2024-03-20T16:43:52+0000,DEBUG,3.csv,DEBUG,0
2024-03-20T16:44:51+0000,DEBUG,10.csv,DEBUG,0
2024-03-20T16:46:40+0000,DEBUG,39.csv,DEBUG,0
2024-03-20T16:47:08+0000,DEBUG,18.csv,DEBUG,0
2024-03-20T16:56:20+0000,DEBUG,20.csv,DEBUG,0
2024-03-20T16:58:50+0000,DEBUG,5.csv,DEBUG,0
2024-03-21T07:08:48+0000,DEBUG,29.csv,DEBUG,0
2024-03-21T07:09:02+0000,DEBUG,6.csv,DEBUG,0
2024-03-21T07:09:50+0000,DEBUG,34.csv,DEBUG,0
2024-03-21T07:10:38+0000,DEBUG,24.csv,DEBUG,0
2024-03-21T07:14:00+0000,DEBUG,35.csv,DEBUG,0
2024-03-21T07:19:28+0000,DEBUG,9.csv,DEBUG,0
2024-03-21T07:20:34+0000,DEBUG,21.csv,DEBUG,0
2024-03-21T07:21:10+0000,DEBUG,19.csv,DEBUG,0
2024-03-21T07:21:25+0000,DEBUG,1.csv,DEBUG,0
2024-03-21T07:38:04+0000,DEBUG,4.csv,DEBUG,0
2024-03-21T07:38:24+0000,DEBUG,27.csv,DEBUG,0
2024-03-21T07:39:01+0000,DEBUG,33.csv,DEBUG,0
2024-03-21T07:39:50+0000,DEBUG,15.csv,DEBUG,0
2024-03-21T07:40:51+0000,DEBUG,14.csv,DEBUG,0
2024-03-21T07:40:59+0000,DEBUG,12.csv,DEBUG,0
2024-03-21T07:48:39+0000,DEBUG,8.csv,DEBUG,0
2024-03-21T07:49:44+0000,DEBUG,17.csv,DEBUG,0
2024-03-21T07:50:12+0000,DEBUG,13.csv,DEBUG,0
2024-03-21T07:50:30+0000,DEBUG,37.csv,DEBUG,0
2024-03-21T07:51:03+0000,DEBUG,23.csv,DEBUG,0
2024-03-21T07:51:59+0000,DEBUG,28.csv,DEBUG,0
2024-03-21T07:52:20+0000,DEBUG,31.csv,DEBUG,0
2024-03-21T07:52:35+0000,DEBUG,30.csv,DEBUG,0
2024-03-21T07:54:34+0000,DEBUG,11.csv,DEBUG,0
2024-03-21T07:54:57+0000,DEBUG,22.csv,DEBUG,0
2024-03-21T07:59:57+0000,DEBUG,39.csv,DEBUG,0
2024-03-21T08:26:32+0000,DEBUG,18.csv,DEBUG,0
2024-03-21T08:30:31+0000,DEBUG,19.csv,DEBUG,0
2024-03-21T08:31:09+0000,DEBUG,11.csv,DEBUG,0
2024-03-21T08:33:30+0000,DEBUG,23.csv,DEBUG,0
2024-03-21T08:34:38+0000,DEBUG,4.csv,DEBUG,0
2024-03-21T08:35:19+0000,DEBUG,1.csv,DEBUG,0
2024-03-21T08:36:06+0000,DEBUG,30.csv,DEBUG,0
2024-03-21T08:39:18+0000,DEBUG,14.csv,DEBUG,0
2024-03-21T08:49:59+0000,DEBUG,17.csv,DEBUG,0
2024-03-21T08:50:56+0000,DEBUG,12.csv,DEBUG,0
2024-03-21T08:51:07+0000,DEBUG,32.csv,DEBUG,0
2024-03-21T08:52:39+0000,DEBUG,34.csv,DEBUG,0
2024-03-21T08:53:23+0000,DEBUG,6.csv,DEBUG,0
2024-03-21T08:53:47+0000,DEBUG,2.csv,DEBUG,0
2024-03-21T08:54:24+0000,DEBUG,28.csv,DEBUG,0
2024-03-21T08:54:36+0000,DEBUG,16.csv,DEBUG,0
2024-03-21T08:56:25+0000,DEBUG,13.csv,DEBUG,0
2024-03-21T08:56:29+0000,DEBUG,15.csv,DEBUG,0
2024-03-21T08:57:21+0000,DEBUG,37.csv,DEBUG,0
2024-03-21T08:57:57+0000,DEBUG,8.csv,DEBUG,0
2024-03-21T08:58:17+0000,DEBUG,20.csv,DEBUG,0
2024-03-21T08:58:32+0000,DEBUG,40.csv,DEBUG,0
2024-03-21T08:58:43+0000,DEBUG,10.csv,DEBUG,0
2024-03-21T08:58:48+0000,DEBUG,35.csv,DEBUG,0
2024-03-21T08:59:39+0000,DEBUG,21.csv,DEBUG,0
2024-03-21T08:59:56+0000,DEBUG,22.csv,DEBUG,0
2024-03-21T09:00:28+0000,DEBUG,9.csv,DEBUG,0
2024-03-21T09:02:56+0000,DEBUG,27.csv,DEBUG,0
2024-03-21T09:03:58+0000,DEBUG,25.csv,DEBUG,0
2024-03-21T09:04:45+0000,DEBUG,36.csv,DEBUG,0
2024-03-21T09:05:04+0000,DEBUG,38.csv,DEBUG,0
2024-03-21T09:05:21+0000,DEBUG,3.csv,DEBUG,0
2024-03-21T09:42:43+0000,DEBUG,26.csv,DEBUG,0
2024-03-21T09:55:08+0000,DEBUG,33.csv,DEBUG,0
2024-03-21T09:55:34+0000,DEBUG,5.csv,DEBUG,0
2024-03-21T09:57:20+0000,DEBUG,31.csv,DEBUG,0
2024-03-21T09:58:01+0000,DEBUG,29.csv,DEBUG,0
2024-03-21T09:58:08+0000,DEBUG,24.csv,DEBUG,0
2024-03-21T09:59:14+0000,DEBUG,5.csv,DEBUG,0
2024-03-21T10:12:50+0000,DEBUG,33.csv,DEBUG,0
2024-03-21T10:14:44+0000,DEBUG,6.csv,DEBUG,0
2024-03-21T10:41:21+0000,DEBUG,39.csv,DEBUG,0
2024-03-21T10:42:19+0000,DEBUG,18.csv,DEBUG,0
2024-03-21T10:44:00+0000,DEBUG,27.csv,DEBUG,0
2024-03-21T10:44:14+0000,DEBUG,13.csv,DEBUG,0
2024-03-21T10:45:55+0000,DEBUG,21.csv,DEBUG,0
2024-03-21T10:46:16+0000,DEBUG,9.csv,DEBUG,0
2024-03-21T10:46:36+0000,DEBUG,36.csv,DEBUG,0
2024-03-21T10:47:40+0000,DEBUG,20.csv,DEBUG,0
2024-03-21T10:51:43+0000,DEBUG,40.csv,DEBUG,0
2024-03-21T10:53:13+0000,DEBUG,35.csv,DEBUG,0
2024-03-21T10:54:31+0000,DEBUG,11.csv,DEBUG,0
2024-03-21T10:57:24+0000,DEBUG,17.csv,DEBUG,0
2024-03-21T10:57:44+0000,DEBUG,10.csv,DEBUG,0
2024-03-21T10:57:50+0000,DEBUG,22.csv,DEBUG,0
2024-03-21T11:00:42+0000,DEBUG,2.csv,DEBUG,0
2024-03-21T11:01:00+0000,DEBUG,14.csv,DEBUG,0
2024-03-21T11:03:29+0000,DEBUG,23.csv,DEBUG,0
2024-03-21T11:05:50+0000,DEBUG,28.csv,DEBUG,0
2024-03-21T11:06:48+0000,DEBUG,12.csv,DEBUG,0
2024-03-21T11:07:04+0000,DEBUG,26.csv,DEBUG,0
2024-03-21T11:07:18+0000,DEBUG,29.csv,DEBUG,0
2024-03-21T11:08:16+0000,DEBUG,1.csv,DEBUG,0
2024-03-21T12:19:33+0000,DEBUG,8.csv,DEBUG,0
2024-03-21T12:19:43+0000,DEBUG,4.csv,DEBUG,0
2024-03-21T13:49:16+0000,DEBUG,2.csv,DEBUG,0
2024-03-21T13:49:21+0000,DEBUG,32.csv,DEBUG,0
2024-03-21T13:49:29+0000,DEBUG,14.csv,DEBUG,0
2024-03-21T13:49:36+0000,DEBUG,30.csv,DEBUG,0
2024-03-21T13:50:11+0000,DEBUG,21.csv,DEBUG,0
2024-03-21T13:52:04+0000,DEBUG,10.csv,DEBUG,0
2024-03-21T13:52:10+0000,DEBUG,35.csv,DEBUG,0
2024-03-21T13:52:45+0000,DEBUG,31.csv,DEBUG,0
2024-03-21T13:52:54+0000,DEBUG,17.csv,DEBUG,0
2024-03-21T13:53:57+0000,DEBUG,26.csv,DEBUG,0
2024-03-21T13:54:02+0000,DEBUG,37.csv,DEBUG,0
2024-03-21T13:54:07+0000,DEBUG,1.csv,DEBUG,0
2024-03-21T13:54:48+0000,DEBUG,38.csv,DEBUG,0
2024-03-21T13:55:20+0000,DEBUG,18.csv,DEBUG,0
2024-03-21T13:59:51+0000,DEBUG,24.csv,DEBUG,0
2024-03-21T14:01:06+0000,DEBUG,13.csv,DEBUG,0
2024-03-21T14:02:36+0000,DEBUG,15.csv,DEBUG,0
2024-04-02T09:25:22+0000,DEBUG,40.csv,DEBUG,0
2024-04-02T09:30:52+0000,DEBUG,8.csv,DEBUG,0
2024-04-02T13:10:33+0000,DEBUG,6.csv,DEBUG,0
2024-04-02T13:14:37+0000,DEBUG,3.csv,DEBUG,0
2024-04-02T13:14:42+0000,DEBUG,27.csv,DEBUG,0
2024-04-02T13:15:05+0000,DEBUG,5.csv,DEBUG,0
2024-04-02T13:15:06+0000,DEBUG,11.csv,DEBUG,0
2024-04-02T13:15:08+0000,DEBUG,29.csv,DEBUG,0
2024-04-02T13:15:28+0000,DEBUG,16.csv,DEBUG,0
2024-04-02T13:16:04+0000,DEBUG,33.csv,DEBUG,0
2024-04-02T13:16:27+0000,DEBUG,4.csv,DEBUG,0
2024-04-02T13:17:16+0000,DEBUG,36.csv,DEBUG,0
2024-04-02T13:17:21+0000,DEBUG,19.csv,DEBUG,0
2024-04-02T13:17:24+0000,DEBUG,22.csv,DEBUG,0
2024-04-02T13:17:27+0000,DEBUG,23.csv,DEBUG,0
2024-04-02T13:17:58+0000,DEBUG,12.csv,DEBUG,0
2024-04-02T13:19:52+0000,DEBUG,20.csv,DEBUG,0
2024-04-02T13:20:14+0000,DEBUG,34.csv,DEBUG,0
2024-04-02T13:26:40+0000,DEBUG,28.csv,DEBUG,0
2024-04-02T13:37:17+0000,DEBUG,39.csv,DEBUG,0
2024-04-02T13:37:44+0000,DEBUG,25.csv,DEBUG,0
2024-04-02T13:40:02+0000,DEBUG,9.csv,DEBUG,0
2024-04-02T13:50:22+0000,DEBUG,15.csv,DEBUG,0
2024-04-02T13:54:37+0000,DEBUG,35.csv,DEBUG,0
2024-04-02T13:55:56+0000,DEBUG,30.csv,DEBUG,0
2024-04-02T13:57:05+0000,DEBUG,14.csv,DEBUG,0
2024-04-02T13:57:42+0000,DEBUG,10.csv,DEBUG,0
2024-04-02T13:58:09+0000,DEBUG,18.csv,DEBUG,0
2024-04-02T13:59:21+0000,DEBUG,13.csv,DEBUG,0
2024-04-02T14:00:26+0000,DEBUG,24.csv,DEBUG,0
2024-04-02T14:02:35+0000,DEBUG,2.csv,DEBUG,0
2024-04-02T14:02:53+0000,DEBUG,32.csv,DEBUG,0
2024-04-02T15:24:44+0000,DEBUG,31.csv,DEBUG,0
2024-04-02T15:25:34+0000,DEBUG,1.csv,DEBUG,0
2024-04-02T15:33:22+0000,DEBUG,17.csv,DEBUG,0
2024-04-02T15:33:25+0000,DEBUG,38.csv,DEBUG,0
2024-04-02T15:33:32+0000,DEBUG,37.csv,DEBUG,0
2024-04-02T15:33:50+0000,DEBUG,21.csv,DEBUG,0
2024-04-02T15:34:50+0000,DEBUG,26.csv,DEBUG,0
2024-04-02T15:35:33+0000,DEBUG,23.csv,DEBUG,0
2024-04-02T15:36:25+0000,DEBUG,20.csv,DEBUG,0
2024-04-02T15:36:27+0000,DEBUG,10.csv,DEBUG,0
2024-04-02T15:36:30+0000,DEBUG,37.csv,DEBUG,0
2024-04-02T15:36:54+0000,DEBUG,14.csv,DEBUG,0
2024-04-02T15:40:50+0000,DEBUG,1.csv,DEBUG,0
2024-04-02T15:44:08+0000,DEBUG,12.csv,DEBUG,0
2024-04-02T15:44:10+0000,DEBUG,35.csv,DEBUG,0
2024-04-02T15:44:51+0000,DEBUG,32.csv,DEBUG,0
2024-04-02T15:44:53+0000,DEBUG,21.csv,DEBUG,0
2024-04-02T15:45:00+0000,DEBUG,9.csv,DEBUG,0
2024-04-02T15:45:02+0000,DEBUG,27.csv,DEBUG,0
2024-04-02T15:45:21+0000,DEBUG,28.csv,DEBUG,0
2024-04-02T15:45:22+0000,DEBUG,5.csv,DEBUG,0
2024-04-02T15:45:24+0000,DEBUG,4.csv,DEBUG,0
2024-04-02T15:45:27+0000,DEBUG,26.csv,DEBUG,0
2024-04-02T15:45:42+0000,DEBUG,25.csv,DEBUG,0
2024-04-02T15:45:45+0000,DEBUG,15.csv,DEBUG,0
2024-04-02T15:45:50+0000,DEBUG,18.csv,DEBUG,0
2024-04-02T15:46:01+0000,DEBUG,3.csv,DEBUG,0
2024-04-02T15:46:14+0000,DEBUG,39.csv,DEBUG,0
2024-04-02T15:46:16+0000,DEBUG,38.csv,DEBUG,0
2024-04-02T15:46:18+0000,DEBUG,22.csv,DEBUG,0
2024-04-02T15:46:20+0000,DEBUG,19.csv,DEBUG,0
2024-04-02T15:46:21+0000,DEBUG,30.csv,DEBUG,0
2024-04-02T15:46:23+0000,DEBUG,34.csv,DEBUG,0
2024-04-02T15:56:03+0000,DEBUG,38.csv,DEBUG,0
2024-04-02T15:56:29+0000,DEBUG,4.csv,DEBUG,0
2024-04-03T03:39:21+0000,DEBUG,3.csv,DEBUG,0
2024-04-03T03:39:32+0000,DEBUG,13.csv,DEBUG,0
2024-04-03T03:40:07+0000,DEBUG,23.csv,DEBUG,0
2024-04-03T03:43:12+0000,DEBUG,6.csv,DEBUG,0
2024-04-03T03:43:18+0000,DEBUG,27.csv,DEBUG,0
2024-04-03T03:43:22+0000,DEBUG,15.csv,DEBUG,0
2024-04-03T03:43:25+0000,DEBUG,37.csv,DEBUG,0
2024-04-03T03:43:39+0000,DEBUG,8.csv,DEBUG,0
2024-04-03T03:43:48+0000,DEBUG,14.csv,DEBUG,0
2024-04-03T03:43:57+0000,DEBUG,9.csv,DEBUG,0
2024-04-03T03:44:13+0000,DEBUG,24.csv,DEBUG,0
2024-04-03T03:44:18+0000,DEBUG,18.csv,DEBUG,0
2024-04-03T03:45:14+0000,DEBUG,33.csv,DEBUG,0
2024-04-03T03:45:40+0000,DEBUG,12.csv,DEBUG,0
2024-04-03T03:46:54+0000,DEBUG,30.csv,DEBUG,0
2024-04-03T03:47:24+0000,DEBUG,19.csv,DEBUG,0
2024-04-03T03:49:37+0000,DEBUG,10.csv,DEBUG,0
2024-04-03T03:50:00+0000,DEBUG,39.csv,DEBUG,0
2024-04-03T03:50:29+0000,DEBUG,5.csv,DEBUG,0
2024-04-03T03:52:40+0000,DEBUG,34.csv,DEBUG,0
2024-04-03T03:52:50+0000,DEBUG,22.csv,DEBUG,0
2024-04-03T03:52:54+0000,DEBUG,11.csv,DEBUG,0
2024-04-03T03:52:57+0000,DEBUG,29.csv,DEBUG,0
2024-04-03T03:53:08+0000,DEBUG,32.csv,DEBUG,0
2024-04-03T03:53:29+0000,DEBUG,27.csv,DEBUG,0
2024-04-03T10:36:01+0000,DEBUG,13.csv,DEBUG,0
2024-04-03T10:37:20+0000,DEBUG,20.csv,DEBUG,0
2024-04-03T10:37:24+0000,DEBUG,1.csv,DEBUG,0
2024-04-03T10:37:27+0000,DEBUG,15.csv,DEBUG,0
2024-04-04T07:26:17+0000,DEBUG,32.csv,DEBUG,0
2024-04-04T07:26:23+0000,DEBUG,11.csv,DEBUG,0
2024-04-04T07:26:25+0000,DEBUG,37.csv,DEBUG,0
2024-04-04T07:26:28+0000,DEBUG,25.csv,DEBUG,0
2024-04-04T07:26:31+0000,DEBUG,14.csv,DEBUG,0
2024-04-05T09:12:08+0000,DEBUG,17.csv,DEBUG,0
2024-04-05T09:12:56+0000,DEBUG,6.csv,DEBUG,0
2024-04-05T09:13:19+0000,DEBUG,38.csv,DEBUG,0
2024-04-05T09:13:30+0000,DEBUG,9.csv,DEBUG,0
2024-04-05T09:13:40+0000,DEBUG,2.csv,DEBUG,0
2024-04-05T09:17:55+0000,DEBUG,39.csv,DEBUG,0
2024-04-05T09:17:59+0000,DEBUG,12.csv,DEBUG,0
2024-04-05T09:19:50+0000,DEBUG,40.csv,DEBUG,0
2024-04-05T09:20:06+0000,DEBUG,29.csv,DEBUG,0
2024-04-05T09:32:28+0000,DEBUG,34.csv,DEBUG,0
2024-04-05T09:32:43+0000,DEBUG,35.csv,DEBUG,0
2024-04-05T09:33:00+0000,DEBUG,5.csv,DEBUG,0
2024-04-05T10:14:49+0000,DEBUG,33.csv,DEBUG,0
2024-04-05T10:14:54+0000,DEBUG,24.csv,DEBUG,0
2024-04-05T10:14:59+0000,DEBUG,22.csv,DEBUG,0
2024-04-05T10:15:40+0000,DEBUG,21.csv,DEBUG,0
2024-04-05T10:16:15+0000,DEBUG,10.csv,DEBUG,0
2024-04-05T10:16:27+0000,DEBUG,36.csv,DEBUG,0
2024-04-05T10:20:48+0000,DEBUG,28.csv,DEBUG,0
2024-04-05T10:21:24+0000,DEBUG,4.csv,DEBUG,0
2024-04-05T10:21:35+0000,DEBUG,8.csv,DEBUG,0
2024-04-05T10:22:45+0000,DEBUG,18.csv,DEBUG,0
2024-04-05T10:22:56+0000,DEBUG,19.csv,DEBUG,0
2024-04-05T10:24:52+0000,DEBUG,16.csv,DEBUG,0
2024-04-05T10:26:31+0000,DEBUG,3.csv,DEBUG,0
2024-04-05T10:37:08+0000,DEBUG,30.csv,DEBUG,0
2024-04-05T10:37:58+0000,DEBUG,31.csv,DEBUG,0
2024-04-05T10:38:01+0000,DEBUG,23.csv,DEBUG,0
2024-04-05T10:38:12+0000,DEBUG,26.csv,DEBUG,0
2024-04-05T10:38:14+0000,DEBUG,27.csv,DEBUG,0
2024-04-05T10:38:17+0000,DEBUG,1.csv,DEBUG,0
2024-04-05T10:38:24+0000,DEBUG,15.csv,DEBUG,0
2024-04-05T10:38:26+0000,DEBUG,13.csv,DEBUG,0
2024-04-05T10:38:38+0000,DEBUG,20.csv,DEBUG,0
2024-04-05T10:41:13+0000,DEBUG,3.csv,DEBUG,0
2024-04-05T10:41:47+0000,DEBUG,5.csv,DEBUG,0
2024-04-05T10:43:33+0000,DEBUG,35.csv,DEBUG,0
2024-04-05T10:45:43+0000,DEBUG,29.csv,DEBUG,0
2024-04-05T10:46:14+0000,DEBUG,24.csv,DEBUG,0
2024-04-05T10:49:26+0000,DEBUG,31.csv,DEBUG,0
2024-04-05T10:50:32+0000,DEBUG,28.csv,DEBUG,0
2024-04-05T10:51:41+0000,DEBUG,13.csv,DEBUG,0
2024-04-05T12:28:09+0000,DEBUG,34.csv,DEBUG,0
2024-04-05T12:28:14+0000,DEBUG,8.csv,DEBUG,0
2024-04-05T12:28:39+0000,DEBUG,9.csv,DEBUG,0
2024-04-05T12:31:05+0000,DEBUG,20.csv,DEBUG,0
2024-04-05T12:32:19+0000,DEBUG,10.csv,DEBUG,0
2024-04-05T12:34:36+0000,DEBUG,37.csv,DEBUG,0
2024-04-05T12:42:34+0000,DEBUG,38.csv,DEBUG,0
2024-04-05T12:42:57+0000,DEBUG,32.csv,DEBUG,0
2024-04-05T12:43:22+0000,DEBUG,4.csv,DEBUG,0
2024-04-05T12:43:37+0000,DEBUG,12.csv,DEBUG,0
2024-04-05T12:43:47+0000,DEBUG,16.csv,DEBUG,0
2024-04-05T12:47:11+0000,DEBUG,33.csv,DEBUG,0
2024-04-05T12:48:05+0000,DEBUG,15.csv,DEBUG,0
2024-04-05T12:48:22+0000,DEBUG,36.csv,DEBUG,0
2024-04-05T12:48:35+0000,DEBUG,1.csv,DEBUG,0
2024-04-05T12:48:48+0000,DEBUG,26.csv,DEBUG,0
2024-04-05T12:50:06+0000,DEBUG,11.csv,DEBUG,0
2024-04-05T12:50:12+0000,DEBUG,14.csv,DEBUG,0
2024-04-05T12:50:21+0000,DEBUG,6.csv,DEBUG,0
2024-04-05T12:50:25+0000,DEBUG,18.csv,DEBUG,0
2024-04-05T12:50:33+0000,DEBUG,23.csv,DEBUG,0
2024-04-05T12:50:39+0000,DEBUG,19.csv,DEBUG,0
2024-04-05T12:50:46+0000,DEBUG,21.csv,DEBUG,0
2024-04-05T12:51:01+0000,DEBUG,17.csv,DEBUG,0
2024-04-05T12:51:04+0000,DEBUG,27.csv,DEBUG,0
2024-04-05T12:51:05+0000,DEBUG,30.csv,DEBUG,0
2024-04-05T12:51:07+0000,DEBUG,22.csv,DEBUG,0
2024-04-05T12:51:08+0000,DEBUG,2.csv,DEBUG,0
2024-04-05T12:51:10+0000,DEBUG,40.csv,DEBUG,0
2024-04-05T12:58:39+0000,DEBUG,39.csv,DEBUG,0
2024-04-05T13:01:14+0000,DEBUG,25.csv,DEBUG,0
2024-04-05T13:02:54+0000,DEBUG,27.csv,DEBUG,0
2024-04-05T13:11:25+0000,DEBUG,22.csv,DEBUG,0
2024-04-05T13:13:32+0000,DEBUG,28.csv,DEBUG,0
2024-04-05T13:13:51+0000,DEBUG,4.csv,DEBUG,0
2024-04-05T13:16:36+0000,DEBUG,32.csv,DEBUG,0
2024-04-05T13:17:01+0000,DEBUG,37.csv,DEBUG,0
2024-04-05T13:17:10+0000,DEBUG,10.csv,DEBUG,0
2024-04-05T13:17:51+0000,DEBUG,24.csv,DEBUG,0
2024-04-05T13:20:26+0000,DEBUG,34.csv,DEBUG,0
2024-04-05T13:22:26+0000,DEBUG,3.csv,DEBUG,0
2024-04-05T13:22:30+0000,DEBUG,12.csv,DEBUG,0
2024-04-05T13:22:39+0000,DEBUG,39.csv,DEBUG,0
2024-04-05T13:23:24+0000,DEBUG,21.csv,DEBUG,0
2024-04-05T13:23:43+0000,DEBUG,33.csv,DEBUG,0
2024-04-05T13:24:02+0000,DEBUG,31.csv,DEBUG,0
2024-04-05T13:24:23+0000,DEBUG,30.csv,DEBUG,0
2024-04-05T13:24:48+0000,DEBUG,36.csv,DEBUG,0
2024-04-05T13:27:53+0000,DEBUG,1.csv,DEBUG,0
2024-04-05T13:30:35+0000,DEBUG,2.csv,DEBUG,0
2024-04-05T13:34:21+0000,DEBUG,13.csv,DEBUG,0
2024-04-05T13:35:32+0000,DEBUG,11.csv,DEBUG,0
2024-04-05T13:38:44+0000,DEBUG,29.csv,DEBUG,0
2024-04-05T13:42:27+0000,DEBUG,25.csv,DEBUG,0
2024-04-05T13:42:30+0000,DEBUG,37.csv,DEBUG,0
2024-04-05T13:42:41+0000,DEBUG,22.csv,DEBUG,0
2024-04-05T13:42:48+0000,DEBUG,32.csv,DEBUG,0
2024-04-05T13:43:17+0000,DEBUG,39.csv,DEBUG,0
2024-04-05T13:44:49+0000,DEBUG,28.csv,DEBUG,0
2024-04-05T13:45:03+0000,DEBUG,1.csv,DEBUG,0
2024-04-05T13:48:44+0000,DEBUG,10.csv,DEBUG,0
2024-04-05T13:51:35+0000,DEBUG,21.csv,DEBUG,0
2024-04-05T13:52:21+0000,DEBUG,6.csv,DEBUG,0
2024-04-05T13:52:34+0000,DEBUG,9.csv,DEBUG,0
2024-04-05T13:53:21+0000,DEBUG,3.csv,DEBUG,0
2024-04-05T13:53:31+0000,DEBUG,27.csv,DEBUG,0
2024-04-05T13:54:19+0000,DEBUG,29.csv,DEBUG,0
2024-04-05T13:55:23+0000,DEBUG,30.csv,DEBUG,0
2024-04-05T14:00:27+0000,DEBUG,17.csv,DEBUG,0
2024-04-05T14:03:34+0000,DEBUG,23.csv,DEBUG,0
2024-04-05T14:03:50+0000,DEBUG,2.csv,DEBUG,0
2024-04-05T14:04:23+0000,DEBUG,15.csv,DEBUG,0
2024-04-05T14:06:13+0000,DEBUG,19.csv,DEBUG,0
2024-04-05T14:12:05+0000,DEBUG,28.csv,DEBUG,0
2024-04-05T14:12:10+0000,DEBUG,35.csv,DEBUG,0
2024-04-05T14:12:14+0000,DEBUG,4.csv,DEBUG,0
2024-04-05T14:12:22+0000,DEBUG,39.csv,DEBUG,0
2024-04-05T14:12:29+0000,DEBUG,38.csv,DEBUG,0
2024-04-05T14:13:37+0000,DEBUG,18.csv,DEBUG,0
2024-04-05T14:15:40+0000,DEBUG,25.csv,DEBUG,0
2024-04-05T14:15:49+0000,DEBUG,29.csv,DEBUG,0
2024-04-05T14:15:58+0000,DEBUG,15.csv,DEBUG,0
2024-04-05T14:16:08+0000,DEBUG,30.csv,DEBUG,0
2024-04-05T14:16:32+0000,DEBUG,5.csv,DEBUG,0
2024-04-05T14:16:37+0000,DEBUG,12.csv,DEBUG,0
2024-04-05T14:50:41+0000,DEBUG,13.csv,DEBUG,0
2024-04-05T15:07:40+0000,DEBUG,39.csv,DEBUG,0
2024-04-05T15:09:19+0000,DEBUG,20.csv,DEBUG,0
2024-04-05T15:12:15+0000,DEBUG,38.csv,DEBUG,0
2024-04-05T15:13:03+0000,DEBUG,21.csv,DEBUG,0
2024-04-05T15:15:19+0000,DEBUG,15.csv,DEBUG,0
2024-04-05T15:17:13+0000,DEBUG,9.csv,DEBUG,0
2024-04-05T15:18:40+0000,DEBUG,32.csv,DEBUG,0
2024-04-05T15:18:50+0000,DEBUG,11.csv,DEBUG,0
2024-04-05T15:20:14+0000,DEBUG,12.csv,DEBUG,0
2024-04-05T15:20:29+0000,DEBUG,8.csv,DEBUG,0
2024-04-05T15:20:59+0000,DEBUG,34.csv,DEBUG,0
2024-04-05T15:23:13+0000,DEBUG,33.csv,DEBUG,0
2024-04-05T15:24:59+0000,DEBUG,16.csv,DEBUG,0
2024-04-05T15:42:15+0000,DEBUG,33.csv,DEBUG,0
2024-04-05T15:45:45+0000,DEBUG,18.csv,DEBUG,0
2024-04-08T12:28:25+0000,DEBUG,16.csv,DEBUG,0
2024-04-08T12:29:11+0000,DEBUG,27.csv,DEBUG,0
2024-04-08T12:33:59+0000,DEBUG,36.csv,DEBUG,0
2024-04-08T13:09:12+0000,DEBUG,24.csv,DEBUG,0
2024-04-08T13:09:31+0000,DEBUG,10.csv,DEBUG,0
2024-04-08T13:13:04+0000,DEBUG,20.csv,DEBUG,0
2024-04-08T13:13:11+0000,DEBUG,14.csv,DEBUG,0
2024-04-08T13:13:38+0000,DEBUG,39.csv,DEBUG,0
2024-04-08T13:14:01+0000,DEBUG,1.csv,DEBUG,0
2024-04-08T13:15:12+0000,DEBUG,15.csv,DEBUG,0
2024-04-08T13:16:26+0000,DEBUG,11.csv,DEBUG,0
2024-04-08T13:17:16+0000,DEBUG,2.csv,DEBUG,0
2024-04-08T13:18:29+0000,DEBUG,21.csv,DEBUG,0
2024-04-08T13:19:03+0000,DEBUG,30.csv,DEBUG,0
2024-04-08T13:19:36+0000,DEBUG,37.csv,DEBUG,0
2024-04-08T13:20:36+0000,DEBUG,38.csv,DEBUG,0
2024-04-08T13:22:47+0000,DEBUG,32.csv,DEBUG,0
2024-04-08T13:23:06+0000,DEBUG,4.csv,DEBUG,0
2024-04-08T13:23:23+0000,DEBUG,13.csv,DEBUG,0
2024-04-08T13:24:18+0000,DEBUG,8.csv,DEBUG,0
2024-04-08T13:24:42+0000,DEBUG,31.csv,DEBUG,0
2024-04-08T13:25:18+0000,DEBUG,25.csv,DEBUG,0
2024-04-08T13:25:24+0000,DEBUG,22.csv,DEBUG,0
2024-04-08T13:25:34+0000,DEBUG,29.csv,DEBUG,0
2024-04-08T13:27:05+0000,DEBUG,9.csv,DEBUG,0
2024-04-08T13:27:09+0000,DEBUG,26.csv,DEBUG,0
2024-04-08T13:28:11+0000,DEBUG,23.csv,DEBUG,0
2024-04-08T13:28:29+0000,DEBUG,12.csv,DEBUG,0
2024-04-08T13:32:27+0000,DEBUG,18.csv,DEBUG,0
2024-04-08T13:33:16+0000,DEBUG,19.csv,DEBUG,0
2024-04-08T13:34:59+0000,DEBUG,5.csv,DEBUG,0
2024-04-08T13:36:13+0000,DEBUG,6.csv,DEBUG,0
2024-04-08T13:37:26+0000,DEBUG,34.csv,DEBUG,0
2024-04-08T13:41:46+0000,DEBUG,33.csv,DEBUG,0
2024-04-08T13:42:04+0000,DEBUG,17.csv,DEBUG,0
2024-04-08T13:42:32+0000,DEBUG,40.csv,DEBUG,0
2024-04-08T13:42:52+0000,DEBUG,3.csv,DEBUG,0
2024-04-08T13:43:30+0000,DEBUG,35.csv,DEBUG,0
2024-04-08T14:14:25+0000,DEBUG,28.csv,DEBUG,0
2024-04-08T14:19:52+0000,DEBUG,29.csv,DEBUG,0
2024-04-08T14:20:31+0000,DEBUG,40.csv,DEBUG,0
2024-04-08T14:22:08+0000,DEBUG,8.csv,DEBUG,0
2024-04-08T14:24:49+0000,DEBUG,26.csv,DEBUG,0
2024-04-08T14:36:53+0000,DEBUG,27.csv,DEBUG,0
2024-04-08T14:37:26+0000,DEBUG,12.csv,DEBUG,0
2024-04-08T14:38:05+0000,DEBUG,10.csv,DEBUG,0
2024-04-08T14:41:39+0000,DEBUG,24.csv,DEBUG,0
2024-04-08T14:43:07+0000,DEBUG,28.csv,DEBUG,0
2024-04-08T14:43:32+0000,DEBUG,38.csv,DEBUG,0
2024-04-08T14:52:26+0000,DEBUG,35.csv,DEBUG,0
2024-04-08T14:52:56+0000,DEBUG,15.csv,DEBUG,0
2024-04-08T14:54:14+0000,DEBUG,14.csv,DEBUG,0
2024-04-08T14:55:34+0000,DEBUG,9.csv,DEBUG,0
2024-04-08T14:56:15+0000,DEBUG,18.csv,DEBUG,0
2024-04-08T16:21:21+0000,DEBUG,19.csv,DEBUG,0
2024-04-08T16:30:30+0000,DEBUG,5.csv,DEBUG,0
2024-04-08T16:31:01+0000,DEBUG,2.csv,DEBUG,0
2024-04-08T16:34:58+0000,DEBUG,4.csv,DEBUG,0
2024-04-08T16:35:08+0000,,1.csv,,
2024-04-08T16:35:41+0000,DEBUG,33.csv,DEBUG,0
2024-04-08T16:35:51+0000,,3.csv,,
2024-04-08T16:36:50+0000,DEBUG,25.csv,DEBUG,0
2024-04-08T16:37:16+0000,DEBUG,20.csv,DEBUG,0
2024-04-08T16:37:53+0000,DEBUG,37.csv,DEBUG,0
2024-04-08T16:37:59+0000,DEBUG,6.csv,DEBUG,0
2024-04-08T16:39:20+0000,DEBUG,39.csv,DEBUG,0
2024-04-08T16:40:02+0000,DEBUG,11.csv,DEBUG,0
2024-04-08T16:40:04+0000,DEBUG,16.csv,DEBUG,0
2024-04-08T16:44:21+0000,DEBUG,31.csv,DEBUG,0
2024-04-08T16:50:20+0000,DEBUG,36.csv,DEBUG,0
2024-04-08T16:50:32+0000,DEBUG,21.csv,DEBUG,0
2024-04-08T16:51:26+0000,DEBUG,30.csv,DEBUG,0
2024-04-08T17:24:01+0000,DEBUG,34.csv,DEBUG,0
2024-04-08T17:26:14+0000,DEBUG,23.csv,DEBUG,0
2024-04-08T17:44:25+0000,DEBUG,17.csv,DEBUG,0
2024-04-08T17:44:35+0000,DEBUG,32.csv,DEBUG,0
2024-04-08T17:45:04+0000,DEBUG,13.csv,DEBUG,0
2024-04-08T17:50:39+0000,DEBUG,22.csv,DEBUG,0
2024-04-09T07:37:49+0000,DEBUG,19.csv,DEBUG,0
2024-04-09T07:48:09+0000,DEBUG,37.csv,DEBUG,0
2024-04-09T07:51:55+0000,DEBUG,9.csv,DEBUG,0
2024-04-09T07:51:57+0000,DEBUG,3.csv,DEBUG,0
2024-04-09T15:13:17+0000,DEBUG,6.csv,DEBUG,0
2024-04-09T15:13:20+0000,DEBUG,17.csv,DEBUG,0
2024-04-09T15:14:12+0000,DEBUG,5.csv,DEBUG,0
2024-04-09T15:31:03+0000,DEBUG,1.csv,DEBUG,0
2024-04-09T15:31:23+0000,DEBUG,33.csv,DEBUG,0
2024-04-09T15:47:27+0000,DEBUG,28.csv,DEBUG,0
2024-04-09T15:58:16+0000,DEBUG,16.csv,DEBUG,0
2024-04-09T15:58:42+0000,DEBUG,23.csv,DEBUG,0
2024-04-09T16:08:45+0000,DEBUG,20.csv,DEBUG,0
2024-04-09T16:10:43+0000,DEBUG,22.csv,DEBUG,0
2024-04-09T16:11:31+0000,DEBUG,2.csv,DEBUG,0
2024-04-09T16:11:48+0000,DEBUG,36.csv,DEBUG,0
2024-04-09T16:11:55+0000,DEBUG,32.csv,DEBUG,0
2024-04-10T08:28:14+0000,DEBUG,29.csv,DEBUG,0
2024-04-10T08:32:21+0000,DEBUG,4.csv,DEBUG,0
2024-04-10T08:33:00+0000,DEBUG,11.csv,DEBUG,0
2024-04-10T08:36:41+0000,DEBUG,26.csv,DEBUG,0
2024-04-10T08:36:45+0000,DEBUG,35.csv,DEBUG,0
2024-04-10T08:38:18+0000,DEBUG,10.csv,DEBUG,0
2024-04-10T08:38:52+0000,DEBUG,21.csv,DEBUG,0
2024-04-10T08:39:56+0000,DEBUG,30.csv,DEBUG,0
2024-04-10T08:41:11+0000,DEBUG,38.csv,DEBUG,0
2024-04-10T08:43:07+0000,DEBUG,27.csv,DEBUG,0
2024-04-10T08:44:11+0000,DEBUG,15.csv,DEBUG,0
2024-04-10T08:44:56+0000,DEBUG,31.csv,DEBUG,0
2024-04-10T08:47:10+0000,DEBUG,24.csv,DEBUG,0
2024-04-10T08:48:26+0000,DEBUG,34.csv,DEBUG,0
2024-04-10T08:49:00+0000,DEBUG,39.csv,DEBUG,0
2024-04-10T08:49:18+0000,DEBUG,25.csv,DEBUG,0
2024-04-10T08:49:33+0000,DEBUG,13.csv,DEBUG,0
2024-04-10T08:55:38+0000,DEBUG,8.csv,DEBUG,0
2024-04-10T08:58:39+0000,DEBUG,18.csv,DEBUG,0
2024-04-10T08:59:06+0000,DEBUG,14.csv,DEBUG,0
2024-04-10T09:01:59+0000,DEBUG,40.csv,DEBUG,0
2024-04-10T09:06:24+0000,DEBUG,12.csv,DEBUG,0
2024-04-10T09:08:18+0000,DEBUG,12.csv,DEBUG,0
2024-04-10T09:11:54+0000,DEBUG,36.csv,DEBUG,0
2024-04-10T09:14:45+0000,DEBUG,5.csv,DEBUG,0
2024-04-10T09:17:09+0000,DEBUG,35.csv,DEBUG,0
2024-04-10T09:18:42+0000,DEBUG,23.csv,DEBUG,0
2024-04-10T09:22:57+0000,DEBUG,24.csv,DEBUG,0
2024-04-10T09:26:09+0000,DEBUG,18.csv,DEBUG,0
2024-04-10T09:32:52+0000,DEBUG,40.csv,DEBUG,0
2024-04-10T09:33:35+0000,DEBUG,13.csv,DEBUG,0
2024-04-10T09:34:31+0000,DEBUG,14.csv,DEBUG,0
2024-04-10T09:35:11+0000,DEBUG,26.csv,DEBUG,0
2024-04-10T09:35:31+0000,DEBUG,31.csv,DEBUG,0
2024-04-10T09:35:53+0000,DEBUG,2.csv,DEBUG,0
2024-04-10T09:35:54+0000,DEBUG,15.csv,DEBUG,0
2024-04-10T09:35:56+0000,DEBUG,27.csv,DEBUG,0
2024-04-10T09:35:57+0000,DEBUG,34.csv,DEBUG,0
2024-04-10T09:35:59+0000,DEBUG,9.csv,DEBUG,0
2024-04-10T09:36:17+0000,DEBUG,25.csv,DEBUG,0
2024-04-10T09:36:20+0000,DEBUG,20.csv,DEBUG,0
2024-04-10T09:38:50+0000,DEBUG,39.csv,DEBUG,0
2024-04-10T09:42:51+0000,DEBUG,11.csv,DEBUG,0
2024-04-10T09:46:47+0000,DEBUG,17.csv,DEBUG,0
2024-04-10T09:46:49+0000,DEBUG,33.csv,DEBUG,0
2024-04-10T09:46:52+0000,DEBUG,32.csv,DEBUG,0
2024-04-10T09:46:54+0000,DEBUG,29.csv,DEBUG,0
2024-04-10T09:47:18+0000,DEBUG,21.csv,DEBUG,0
2024-04-10T09:47:21+0000,DEBUG,8.csv,DEBUG,0
2024-04-10T09:48:11+0000,DEBUG,6.csv,DEBUG,0
2024-04-10T09:51:02+0000,DEBUG,4.csv,DEBUG,0
2024-04-10T09:57:55+0000,DEBUG,16.csv,DEBUG,0
2024-04-10T11:10:01+0000,DEBUG,10.csv,DEBUG,0
2024-04-10T11:12:24+0000,DEBUG,30.csv,DEBUG,0
2024-04-10T11:12:28+0000,DEBUG,3.csv,DEBUG,0
2024-04-10T11:12:30+0000,DEBUG,28.csv,DEBUG,0
2024-04-10T11:12:36+0000,DEBUG,22.csv,DEBUG,0
2024-04-10T11:16:16+0000,DEBUG,1.csv,DEBUG,0
2024-04-10T11:17:01+0000,DEBUG,19.csv,DEBUG,0
2024-04-10T11:17:41+0000,DEBUG,37.csv,DEBUG,0
2024-04-10T11:18:47+0000,DEBUG,38.csv,DEBUG,0
2024-04-10T11:19:40+0000,DEBUG,28.csv,DEBUG,0
2024-04-10T11:20:09+0000,DEBUG,38.csv,DEBUG,0
2024-04-10T11:20:38+0000,DEBUG,16.csv,DEBUG,0
2024-04-10T11:21:53+0000,DEBUG,4.csv,DEBUG,0
2024-04-10T11:24:07+0000,DEBUG,22.csv,DEBUG,0
2024-04-10T11:30:53+0000,DEBUG,31.csv,DEBUG,0
2024-04-10T11:31:13+0000,DEBUG,36.csv,DEBUG,0
2024-04-10T11:32:31+0000,DEBUG,8.csv,DEBUG,0
2024-04-10T11:32:39+0000,DEBUG,10.csv,DEBUG,0
2024-04-10T11:32:47+0000,DEBUG,34.csv,DEBUG,0
2024-04-10T11:33:08+0000,DEBUG,2.csv,DEBUG,0
2024-04-10T11:34:10+0000,DEBUG,12.csv,DEBUG,0
2024-04-10T11:34:27+0000,DEBUG,27.csv,DEBUG,0
2024-04-10T11:34:43+0000,DEBUG,39.csv,DEBUG,0
2024-04-10T11:36:29+0000,DEBUG,30.csv,DEBUG,0
2024-04-10T11:36:52+0000,DEBUG,35.csv,DEBUG,0
2024-04-10T11:41:00+0000,DEBUG,25.csv,DEBUG,0
2024-04-10T11:48:29+0000,DEBUG,24.csv,DEBUG,0
2024-04-10T11:48:51+0000,DEBUG,6.csv,DEBUG,0
2024-04-10T11:49:47+0000,DEBUG,13.csv,DEBUG,0
2024-04-10T11:51:08+0000,DEBUG,29.csv,DEBUG,0
2024-04-10T11:54:44+0000,DEBUG,26.csv,DEBUG,0
2024-04-10T11:59:11+0000,DEBUG,21.csv,DEBUG,0
2024-04-10T11:59:16+0000,DEBUG,20.csv,DEBUG,0
2024-04-10T12:01:08+0000,DEBUG,33.csv,DEBUG,0
2024-04-10T12:02:43+0000,DEBUG,32.csv,DEBUG,0
2024-04-10T12:03:36+0000,DEBUG,17.csv,DEBUG,0
2024-04-10T12:04:51+0000,DEBUG,5.csv,DEBUG,0
2024-04-10T12:08:12+0000,DEBUG,3.csv,DEBUG,0
2024-04-10T12:13:13+0000,DEBUG,14.csv,DEBUG,0
2024-04-10T12:15:06+0000,DEBUG,37.csv,DEBUG,0
2024-04-10T12:32:31+0000,DEBUG,19.csv,DEBUG,0
2024-04-12T08:40:00+0000,DEBUG,40.csv,DEBUG,0
2024-04-12T08:40:05+0000,DEBUG,9.csv,DEBUG,0
2024-04-12T08:40:08+0000,DEBUG,23.csv,DEBUG,0
2024-04-12T08:41:27+0000,DEBUG,15.csv,DEBUG,0
2024-04-12T08:41:55+0000,DEBUG,1.csv,DEBUG,0
2024-04-12T08:42:31+0000,DEBUG,11.csv,DEBUG,0
2024-04-12T08:43:33+0000,DEBUG,18.csv,DEBUG,0
2024-04-12T08:50:48+0000,DEBUG,25.csv,DEBUG,0
2024-04-12T08:51:35+0000,DEBUG,29.csv,DEBUG,0
2024-04-12T13:14:12+0000,DEBUG,17.csv,DEBUG,0
2024-04-12T13:35:40+0000,DEBUG,10.csv,DEBUG,0
2024-04-12T13:35:42+0000,DEBUG,35.csv,DEBUG,0
2024-04-12T13:44:56+0000,DEBUG,20.csv,DEBUG,0
2024-04-12T14:51:18+0000,DEBUG,33.csv,DEBUG,0
2024-04-12T14:52:01+0000,DEBUG,30.csv,DEBUG,0
2024-04-12T14:52:32+0000,DEBUG,24.csv,DEBUG,0
2024-04-12T14:52:42+0000,DEBUG,32.csv,DEBUG,0
2024-04-12T14:53:27+0000,DEBUG,27.csv,DEBUG,0
2024-04-12T14:53:55+0000,DEBUG,19.csv,DEBUG,0
2024-04-12T14:54:07+0000,DEBUG,40.csv,DEBUG,0
2024-04-12T15:11:44+0000,DEBUG,2.csv,DEBUG,0
2024-04-12T15:14:28+0000,DEBUG,12.csv,DEBUG,0
2024-04-12T15:18:34+0000,DEBUG,15.csv,DEBUG,0
2024-04-12T15:19:13+0000,DEBUG,25.csv,DEBUG,0
2024-04-12T15:19:32+0000,DEBUG,13.csv,DEBUG,0
2024-04-15T08:39:42+0000,DEBUG,39.csv,DEBUG,0
2024-04-15T08:40:29+0000,DEBUG,38.csv,DEBUG,0
2024-04-15T08:40:54+0000,DEBUG,6.csv,DEBUG,0
2024-04-17T09:15:13+0000,DEBUG,14.csv,DEBUG,0
2024-04-17T09:19:33+0000,DEBUG,26.csv,DEBUG,0
2024-04-17T09:19:55+0000,DEBUG,22.csv,DEBUG,0
2024-04-17T09:21:33+0000,DEBUG,9.csv,DEBUG,0
2024-04-17T09:23:24+0000,DEBUG,5.csv,DEBUG,0
2024-04-17T09:26:22+0000,DEBUG,36.csv,DEBUG,0
2024-04-17T09:31:14+0000,DEBUG,18.csv,DEBUG,0
2024-04-17T09:32:51+0000,DEBUG,8.csv,DEBUG,0
2024-04-17T09:34:43+0000,DEBUG,23.csv,DEBUG,0
2024-04-17T09:35:23+0000,DEBUG,11.csv,DEBUG,0
2024-04-17T09:36:03+0000,DEBUG,28.csv,DEBUG,0
2024-04-17T09:42:24+0000,DEBUG,4.csv,DEBUG,0
2024-04-17T14:47:34+0000,DEBUG,21.csv,DEBUG,0
2024-04-17T14:47:37+0000,DEBUG,37.csv,DEBUG,0
2024-04-17T14:48:22+0000,DEBUG,34.csv,DEBUG,0
2024-04-17T14:51:04+0000,DEBUG,16.csv,DEBUG,0
2024-04-17T14:55:25+0000,DEBUG,3.csv,DEBUG,0
2024-04-17T14:55:53+0000,DEBUG,1.csv,DEBUG,0
2024-04-17T14:57:11+0000,DEBUG,31.csv,DEBUG,0
2024-04-17T14:59:10+0000,DEBUG,40.csv,DEBUG,0
2024-04-17T15:00:21+0000,DEBUG,20.csv,DEBUG,0
2024-04-17T15:01:04+0000,DEBUG,12.csv,DEBUG,0
2024-04-17T15:01:36+0000,DEBUG,39.csv,DEBUG,0
2024-04-19T09:01:50+0000,DEBUG,33.csv,DEBUG,0
2024-04-19T09:01:54+0000,DEBUG,27.csv,DEBUG,0
2024-04-19T09:14:39+0000,DEBUG,29.csv,DEBUG,0
2024-04-19T09:16:02+0000,DEBUG,2.csv,DEBUG,0
2024-04-19T09:17:18+0000,DEBUG,38.csv,DEBUG,0
2024-04-19T09:20:16+0000,DEBUG,25.csv,DEBUG,0
2024-04-19T09:21:25+0000,DEBUG,35.csv,DEBUG,0
2024-04-19T09:30:45+0000,DEBUG,19.csv,DEBUG,0
2024-04-19T09:31:29+0000,DEBUG,32.csv,DEBUG,0
2024-04-19T09:31:51+0000,DEBUG,6.csv,DEBUG,0
2024-04-19T09:36:53+0000,DEBUG,13.csv,DEBUG,0
2024-04-19T09:37:21+0000,DEBUG,24.csv,DEBUG,0
2024-04-19T09:40:15+0000,DEBUG,15.csv,DEBUG,0
2024-04-19T09:41:47+0000,DEBUG,17.csv,DEBUG,0
2024-04-19T09:42:32+0000,DEBUG,10.csv,DEBUG,0
2024-04-19T09:43:12+0000,DEBUG,30.csv,DEBUG,0
2024-04-19T09:43:20+0000,DEBUG,36.csv,DEBUG,0
2024-04-19T09:43:33+0000,DEBUG,9.csv,DEBUG,0
2024-04-19T09:43:42+0000,DEBUG,22.csv,DEBUG,0
2024-04-19T09:43:49+0000,DEBUG,11.csv,DEBUG,0
2024-04-19T13:38:53+0000,DEBUG,39.csv,DEBUG,0
2024-04-19T13:39:33+0000,DEBUG,29.csv,DEBUG,0
2024-04-19T13:40:30+0000,DEBUG,23.csv,DEBUG,0
2024-04-19T13:41:31+0000,DEBUG,6.csv,DEBUG,0
2024-04-19T13:41:41+0000,DEBUG,10.csv,DEBUG,0
2024-04-19T13:42:20+0000,DEBUG,14.csv,DEBUG,0
2024-04-19T13:42:38+0000,DEBUG,31.csv,DEBUG,0
2024-04-19T13:42:44+0000,DEBUG,28.csv,DEBUG,0
2024-04-19T13:43:12+0000,DEBUG,17.csv,DEBUG,0
2024-04-19T13:43:39+0000,DEBUG,35.csv,DEBUG,0
2024-04-19T13:44:08+0000,DEBUG,36.csv,DEBUG,0
2024-04-19T13:45:56+0000,DEBUG,12.csv,DEBUG,0
2024-04-19T13:46:42+0000,DEBUG,11.csv,DEBUG,0
2024-04-19T13:47:13+0000,DEBUG,3.csv,DEBUG,0
2024-04-19T13:48:49+0000,DEBUG,24.csv,DEBUG,0
2024-04-19T13:48:59+0000,DEBUG,4.csv,DEBUG,0
2024-04-19T13:50:55+0000,DEBUG,8.csv,DEBUG,0
2024-04-19T13:51:03+0000,DEBUG,26.csv,DEBUG,0
2024-04-19T13:52:14+0000,DEBUG,38.csv,DEBUG,0
2024-04-19T13:56:44+0000,DEBUG,13.csv,DEBUG,0
2024-04-19T13:57:21+0000,DEBUG,27.csv,DEBUG,0
2024-04-19T13:57:57+0000,DEBUG,22.csv,DEBUG,0
2024-04-19T13:58:38+0000,DEBUG,20.csv,DEBUG,0
2024-04-19T13:58:53+0000,DEBUG,21.csv,DEBUG,0
2024-04-19T14:00:29+0000,DEBUG,16.csv,DEBUG,0
2024-04-19T14:01:08+0000,DEBUG,32.csv,DEBUG,0
2024-04-19T14:02:45+0000,DEBUG,15.csv,DEBUG,0
2024-04-19T14:03:04+0000,DEBUG,25.csv,DEBUG,0
2024-04-19T14:03:21+0000,DEBUG,37.csv,DEBUG,0
2024-04-19T14:03:33+0000,DEBUG,34.csv,DEBUG,0
2024-04-19T14:04:04+0000,DEBUG,30.csv,DEBUG,0
2024-04-19T14:05:10+0000,DEBUG,9.csv,DEBUG,0
2024-04-19T14:07:05+0000,DEBUG,2.csv,DEBUG,0
2024-04-19T14:16:13+0000,DEBUG,5.csv,DEBUG,0
2024-04-19T14:16:16+0000,DEBUG,19.csv,DEBUG,0
2024-04-19T14:17:00+0000,DEBUG,1.csv,DEBUG,0
2024-04-19T14:17:23+0000,DEBUG,18.csv,DEBUG,0
2024-04-19T14:17:35+0000,DEBUG,40.csv,DEBUG,0
2024-04-19T14:17:43+0000,DEBUG,33.csv,DEBUG,0
2024-04-19T14:19:07+0000,DEBUG,8.csv,DEBUG,0
2024-04-19T14:19:36+0000,DEBUG,22.csv,DEBUG,0
2024-04-19T14:19:52+0000,DEBUG,38.csv,DEBUG,0
2024-04-19T14:20:05+0000,DEBUG,17.csv,DEBUG,0
2024-04-19T14:20:28+0000,DEBUG,9.csv,DEBUG,0
2024-04-19T14:23:01+0000,DEBUG,16.csv,DEBUG,0
2024-04-19T14:23:24+0000,DEBUG,40.csv,DEBUG,0
2024-04-19T14:23:39+0000,DEBUG,26.csv,DEBUG,0
2024-04-19T14:24:01+0000,DEBUG,10.csv,DEBUG,0
2024-04-19T14:24:24+0000,DEBUG,27.csv,DEBUG,0
2024-04-19T14:26:44+0000,DEBUG,28.csv,DEBUG,0
2024-04-19T14:26:46+0000,DEBUG,39.csv,DEBUG,0
2024-04-19T14:27:59+0000,DEBUG,33.csv,DEBUG,0
2024-04-19T14:28:20+0000,DEBUG,5.csv,DEBUG,0
2024-04-19T14:29:04+0000,DEBUG,18.csv,DEBUG,0
2024-04-19T14:29:53+0000,DEBUG,25.csv,DEBUG,0
2024-04-19T14:30:11+0000,DEBUG,12.csv,DEBUG,0
2024-04-19T14:30:44+0000,DEBUG,30.csv,DEBUG,0
2024-04-19T14:43:29+0000,DEBUG,11.csv,DEBUG,0
2024-04-19T14:45:00+0000,DEBUG,37.csv,DEBUG,0
2024-04-19T14:45:04+0000,DEBUG,31.csv,DEBUG,0
2024-04-19T14:45:38+0000,DEBUG,23.csv,DEBUG,0
2024-04-19T14:45:42+0000,DEBUG,36.csv,DEBUG,0
2024-04-19T14:46:25+0000,DEBUG,13.csv,DEBUG,0
2024-04-19T14:46:52+0000,DEBUG,1.csv,DEBUG,0
2024-04-19T14:47:31+0000,DEBUG,32.csv,DEBUG,0
2024-04-19T14:47:47+0000,DEBUG,20.csv,DEBUG,0
2024-04-19T14:48:13+0000,DEBUG,6.csv,DEBUG,0
2024-04-22T08:34:15+0000,DEBUG,4.csv,DEBUG,0
2024-04-22T08:34:19+0000,DEBUG,15.csv,DEBUG,0
2024-04-22T08:41:50+0000,DEBUG,14.csv,DEBUG,0
2024-04-22T08:42:32+0000,DEBUG,21.csv,DEBUG,0
2024-04-22T08:57:19+0000,DEBUG,24.csv,DEBUG,0
2024-04-22T08:58:18+0000,DEBUG,29.csv,DEBUG,0
2024-04-22T08:59:33+0000,DEBUG,2.csv,DEBUG,0
2024-04-22T09:00:02+0000,DEBUG,3.csv,DEBUG,0
2024-04-22T09:00:15+0000,DEBUG,19.csv,DEBUG,0
2024-04-22T09:00:18+0000,DEBUG,34.csv,DEBUG,0
2024-04-22T09:00:39+0000,DEBUG,35.csv,DEBUG,0
2024-04-22T09:01:09+0000,DEBUG,9.csv,DEBUG,0
2024-04-22T09:02:23+0000,DEBUG,17.csv,DEBUG,0
2024-04-22T09:10:32+0000,DEBUG,39.csv,DEBUG,0
2024-04-22T09:11:39+0000,DEBUG,12.csv,DEBUG,0
2024-04-22T09:13:31+0000,DEBUG,38.csv,DEBUG,0
2024-04-22T09:14:52+0000,DEBUG,25.csv,DEBUG,0
2024-04-22T09:15:41+0000,DEBUG,10.csv,DEBUG,0
2024-04-22T09:16:19+0000,DEBUG,5.csv,DEBUG,0
2024-04-22T09:16:35+0000,DEBUG,28.csv,DEBUG,0
2024-04-22T09:17:31+0000,DEBUG,31.csv,DEBUG,0
2024-04-22T09:18:29+0000,DEBUG,33.csv,DEBUG,0
2024-04-22T09:19:25+0000,DEBUG,20.csv,DEBUG,0
2024-04-22T09:21:29+0000,DEBUG,16.csv,DEBUG,0
2024-04-22T09:27:08+0000,DEBUG,30.csv,DEBUG,0
2024-04-22T09:28:28+0000,DEBUG,6.csv,DEBUG,0
2024-04-22T09:28:44+0000,DEBUG,13.csv,DEBUG,0
2024-04-22T09:28:52+0000,DEBUG,23.csv,DEBUG,0
2024-04-22T09:29:40+0000,DEBUG,27.csv,DEBUG,0
2024-04-22T09:30:27+0000,DEBUG,18.csv,DEBUG,0
2024-04-22T09:53:41+0000,DEBUG,32.csv,DEBUG,0
2024-04-22T09:54:41+0000,DEBUG,40.csv,DEBUG,0
2024-04-22T14:36:57+0000,DEBUG,11.csv,DEBUG,0
2024-04-22T15:02:46+0000,DEBUG,36.csv,DEBUG,0
2024-04-22T15:05:08+0000,DEBUG,8.csv,DEBUG,0
2024-04-22T15:09:24+0000,DEBUG,37.csv,DEBUG,0
2024-04-22T15:09:31+0000,DEBUG,26.csv,DEBUG,0
2024-04-22T15:11:33+0000,DEBUG,22.csv,DEBUG,0
2024-04-22T15:12:02+0000,DEBUG,1.csv,DEBUG,0
2024-04-22T15:17:25+0000,DEBUG,2.csv,DEBUG,0
2024-04-22T15:17:56+0000,DEBUG,24.csv,DEBUG,0
2024-04-22T15:18:19+0000,DEBUG,17.csv,DEBUG,0
2024-04-22T15:18:34+0000,DEBUG,10.csv,DEBUG,0
2024-04-23T08:36:03+0000,DEBUG,13.csv,DEBUG,0
2024-04-23T08:36:07+0000,DEBUG,22.csv,DEBUG,0
2024-04-23T08:36:16+0000,DEBUG,40.csv,DEBUG,0
2024-04-23T08:42:25+0000,DEBUG,1.csv,DEBUG,0
2024-04-23T08:44:42+0000,DEBUG,32.csv,DEBUG,0
2024-04-23T08:44:46+0000,DEBUG,8.csv,DEBUG,0
2024-04-23T08:44:47+0000,DEBUG,21.csv,DEBUG,0
2024-04-23T08:44:49+0000,DEBUG,25.csv,DEBUG,0
2024-04-23T08:49:15+0000,DEBUG,36.csv,DEBUG,0
2024-04-23T08:50:38+0000,DEBUG,38.csv,DEBUG,0
2024-04-23T08:50:41+0000,DEBUG,16.csv,DEBUG,0
2024-04-23T08:50:43+0000,DEBUG,35.csv,DEBUG,0
2024-04-23T08:50:45+0000,DEBUG,11.csv,DEBUG,0
2024-04-23T08:59:31+0000,DEBUG,30.csv,DEBUG,0
2024-04-23T09:01:07+0000,DEBUG,3.csv,DEBUG,0
2024-04-23T09:01:21+0000,DEBUG,27.csv,DEBUG,0
2024-04-23T09:03:40+0000,DEBUG,20.csv,DEBUG,0
2024-04-23T09:04:28+0000,DEBUG,26.csv,DEBUG,0
2024-04-23T09:05:59+0000,DEBUG,23.csv,DEBUG,0
2024-04-23T09:06:02+0000,DEBUG,39.csv,DEBUG,0
2024-04-23T09:06:04+0000,DEBUG,34.csv,DEBUG,0
2024-04-23T09:07:28+0000,DEBUG,15.csv,DEBUG,0
2024-04-23T09:07:32+0000,DEBUG,28.csv,DEBUG,0
2024-04-23T09:07:34+0000,DEBUG,12.csv,DEBUG,0
2024-04-23T09:07:36+0000,DEBUG,18.csv,DEBUG,0
2024-04-23T09:09:50+0000,DEBUG,14.csv,DEBUG,0
2024-04-23T09:10:18+0000,DEBUG,5.csv,DEBUG,0
2024-04-23T09:10:21+0000,DEBUG,4.csv,DEBUG,0
2024-04-23T09:10:26+0000,DEBUG,31.csv,DEBUG,0
2024-04-23T09:10:30+0000,DEBUG,37.csv,DEBUG,0
2024-04-23T09:10:33+0000,DEBUG,9.csv,DEBUG,0
2024-04-23T09:10:38+0000,DEBUG,29.csv,DEBUG,0
2024-04-23T09:10:41+0000,DEBUG,19.csv,DEBUG,0
2024-04-23T09:10:44+0000,DEBUG,33.csv,DEBUG,0
2024-04-23T09:10:46+0000,DEBUG,6.csv,DEBUG,0
2024-04-23T09:14:27+0000,DEBUG,23.csv,DEBUG,0
2024-04-23T09:16:56+0000,DEBUG,22.csv,DEBUG,0
2024-04-23T09:18:56+0000,DEBUG,10.csv,DEBUG,0
2024-04-23T09:20:14+0000,DEBUG,12.csv,DEBUG,0
2024-04-23T09:20:20+0000,DEBUG,9.csv,DEBUG,0
2024-04-23T09:37:14+0000,DEBUG,11.csv,DEBUG,0
2024-04-23T09:38:30+0000,DEBUG,17.csv,DEBUG,0
2024-04-23T09:39:42+0000,DEBUG,24.csv,DEBUG,0
2024-04-23T09:40:27+0000,DEBUG,28.csv,DEBUG,0
2024-04-23T09:43:08+0000,DEBUG,36.csv,DEBUG,0
2024-04-23T19:34:42+0000,DEBUG,34.csv,DEBUG,0
2024-04-23T19:37:17+0000,DEBUG,5.csv,DEBUG,0
2024-04-23T19:37:55+0000,DEBUG,6.csv,DEBUG,0
2024-04-23T19:37:59+0000,DEBUG,38.csv,DEBUG,0
2024-04-23T19:39:58+0000,DEBUG,14.csv,DEBUG,0
2024-04-23T19:41:01+0000,DEBUG,19.csv,DEBUG,0
2024-04-23T19:41:45+0000,DEBUG,1.csv,DEBUG,0
2024-04-23T19:43:02+0000,DEBUG,13.csv,DEBUG,0
2024-04-23T19:43:57+0000,DEBUG,25.csv,DEBUG,0
2024-04-23T19:46:05+0000,DEBUG,37.csv,DEBUG,0
2024-04-23T19:50:54+0000,DEBUG,29.csv,DEBUG,0
2024-04-23T19:52:13+0000,DEBUG,31.csv,DEBUG,0
2024-04-23T19:53:35+0000,DEBUG,16.csv,DEBUG,0
2024-04-23T19:54:52+0000,DEBUG,30.csv,DEBUG,0
2024-04-23T19:58:01+0000,DEBUG,15.csv,DEBUG,0
2024-04-23T20:00:22+0000,DEBUG,39.csv,DEBUG,0
2024-04-23T20:16:15+0000,DEBUG,33.csv,DEBUG,0
2024-04-23T20:16:32+0000,DEBUG,8.csv,DEBUG,0
2024-04-23T20:16:34+0000,DEBUG,40.csv,DEBUG,0
2024-04-23T20:16:37+0000,DEBUG,2.csv,DEBUG,0
2024-04-23T20:21:25+0000,DEBUG,35.csv,DEBUG,0
2024-04-23T20:22:02+0000,DEBUG,4.csv,DEBUG,0
2024-04-23T20:25:04+0000,DEBUG,26.csv,DEBUG,0
2024-04-23T20:25:18+0000,DEBUG,20.csv,DEBUG,0
2024-04-23T20:25:33+0000,DEBUG,27.csv,DEBUG,0
2024-04-23T20:32:35+0000,DEBUG,32.csv,DEBUG,0
2024-04-23T20:32:38+0000,DEBUG,21.csv,DEBUG,0
2024-04-23T20:32:44+0000,DEBUG,3.csv,DEBUG,0
2024-04-23T20:33:19+0000,DEBUG,18.csv,DEBUG,0
2024-04-23T20:33:56+0000,DEBUG,39.csv,DEBUG,0
2024-04-23T20:34:09+0000,DEBUG,32.csv,DEBUG,0
2024-04-23T20:34:56+0000,DEBUG,13.csv,DEBUG,0
2024-04-23T20:35:15+0000,DEBUG,34.csv,DEBUG,0
2024-04-23T20:36:40+0000,DEBUG,23.csv,DEBUG,0
2024-04-23T20:36:47+0000,DEBUG,40.csv,DEBUG,0
2024-04-23T20:47:02+0000,DEBUG,10.csv,DEBUG,0
2024-04-23T20:47:19+0000,DEBUG,30.csv,DEBUG,0
2024-04-23T20:47:45+0000,DEBUG,8.csv,DEBUG,0
2024-04-23T20:48:07+0000,DEBUG,26.csv,DEBUG,0
2024-04-23T20:50:30+0000,DEBUG,22.csv,DEBUG,0
2024-04-23T20:54:01+0000,DEBUG,14.csv,DEBUG,0
2024-04-23T20:54:40+0000,DEBUG,19.csv,DEBUG,0
2024-04-23T21:03:50+0000,DEBUG,36.csv,DEBUG,0
2024-04-23T21:06:14+0000,DEBUG,3.csv,DEBUG,0
2024-04-23T21:08:32+0000,DEBUG,6.csv,DEBUG,0
2024-04-23T21:08:52+0000,DEBUG,29.csv,DEBUG,0
2024-04-23T21:08:59+0000,DEBUG,25.csv,DEBUG,0
2024-04-23T21:09:12+0000,DEBUG,21.csv,DEBUG,0
2024-04-23T21:09:15+0000,DEBUG,12.csv,DEBUG,0
2024-04-23T21:09:27+0000,DEBUG,20.csv,DEBUG,0
2024-04-23T21:09:30+0000,DEBUG,35.csv,DEBUG,0
2024-04-23T21:09:50+0000,DEBUG,18.csv,DEBUG,0
2024-04-23T21:10:35+0000,DEBUG,17.csv,DEBUG,0
2024-04-23T21:10:43+0000,DEBUG,9.csv,DEBUG,0
2024-04-23T21:10:50+0000,DEBUG,4.csv,DEBUG,0
2024-04-23T21:11:44+0000,DEBUG,33.csv,DEBUG,0
2024-04-23T21:11:47+0000,DEBUG,28.csv,DEBUG,0
2024-04-23T21:14:06+0000,DEBUG,11.csv,DEBUG,0
2024-04-23T21:14:12+0000,DEBUG,2.csv,DEBUG,0
2024-04-24T08:23:07+0000,DEBUG,38.csv,DEBUG,0
2024-04-24T08:23:11+0000,DEBUG,5.csv,DEBUG,0
2024-04-24T08:23:13+0000,DEBUG,15.csv,DEBUG,0
2024-04-24T08:26:40+0000,DEBUG,27.csv,DEBUG,0
2024-04-24T08:26:50+0000,DEBUG,16.csv,DEBUG,0
2024-04-24T08:27:32+0000,DEBUG,1.csv,DEBUG,0
2024-04-24T08:28:39+0000,DEBUG,24.csv,DEBUG,0
2024-04-24T08:28:51+0000,DEBUG,31.csv,DEBUG,0
2024-04-24T08:30:38+0000,DEBUG,37.csv,DEBUG,0
2024-04-24T08:31:06+0000,DEBUG,21.csv,DEBUG,0
2024-04-24T08:31:23+0000,DEBUG,35.csv,DEBUG,0
2024-04-24T08:32:05+0000,DEBUG,40.csv,DEBUG,0
2024-04-24T08:32:11+0000,DEBUG,24.csv,DEBUG,0
2024-04-24T08:32:15+0000,DEBUG,28.csv,DEBUG,0
2024-04-24T08:32:19+0000,DEBUG,33.csv,DEBUG,0
2024-04-24T08:32:24+0000,DEBUG,10.csv,DEBUG,0
2024-04-24T08:32:30+0000,DEBUG,4.csv,DEBUG,0
2024-04-24T08:32:37+0000,DEBUG,14.csv,DEBUG,0
2024-04-24T08:32:42+0000,DEBUG,18.csv,DEBUG,0
2024-04-24T08:32:45+0000,DEBUG,26.csv,DEBUG,0
2024-04-24T08:32:47+0000,DEBUG,25.csv,DEBUG,0
2024-04-24T08:32:48+0000,DEBUG,22.csv,DEBUG,0
2024-04-24T08:32:50+0000,DEBUG,12.csv,DEBUG,0
2024-04-24T08:32:51+0000,DEBUG,31.csv,DEBUG,0
2024-04-24T08:34:01+0000,DEBUG,3.csv,DEBUG,0
2024-04-24T08:34:56+0000,DEBUG,13.csv,DEBUG,0
2024-04-24T08:36:49+0000,DEBUG,23.csv,DEBUG,0
2024-04-24T08:37:18+0000,DEBUG,11.csv,DEBUG,0
2024-04-24T08:37:46+0000,DEBUG,6.csv,DEBUG,0
2024-04-24T08:38:54+0000,DEBUG,1.csv,DEBUG,0
2024-04-24T13:02:36+0000,DEBUG,16.csv,DEBUG,0
2024-04-24T13:09:02+0000,DEBUG,27.csv,DEBUG,0
2024-04-24T13:09:06+0000,DEBUG,30.csv,DEBUG,0
2024-04-24T13:09:58+0000,DEBUG,34.csv,DEBUG,0
2024-04-24T13:11:59+0000,DEBUG,20.csv,DEBUG,0
2024-04-24T13:12:46+0000,DEBUG,17.csv,DEBUG,0
2024-04-24T13:16:52+0000,DEBUG,36.csv,DEBUG,0
2024-04-24T13:22:02+0000,DEBUG,19.csv,DEBUG,0
2024-04-24T13:51:29+0000,DEBUG,2.csv,DEBUG,0
2024-04-24T14:12:59+0000,DEBUG,5.csv,DEBUG,0
2024-04-24T14:13:01+0000,DEBUG,15.csv,DEBUG,0
2024-04-24T14:13:41+0000,DEBUG,38.csv,DEBUG,0
2024-04-24T14:14:41+0000,DEBUG,32.csv,DEBUG,0
2024-04-24T14:19:34+0000,DEBUG,9.csv,DEBUG,0
2024-04-24T14:23:21+0000,DEBUG,8.csv,DEBUG,0
2024-04-24T14:26:45+0000,DEBUG,37.csv,DEBUG,0
2024-04-24T14:29:30+0000,DEBUG,39.csv,DEBUG,0
2024-04-24T14:33:58+0000,DEBUG,29.csv,DEBUG,0
2024-04-24T14:37:25+0000,DEBUG,16.csv,DEBUG,0
2024-04-24T14:38:01+0000,DEBUG,28.csv,DEBUG,0
2024-04-24T14:39:47+0000,DEBUG,37.csv,DEBUG,0
2024-04-24T14:42:07+0000,DEBUG,20.csv,DEBUG,0
2024-04-24T14:47:13+0000,DEBUG,17.csv,DEBUG,0
2024-04-24T14:48:58+0000,DEBUG,18.csv,DEBUG,0
2024-04-24T14:51:41+0000,DEBUG,40.csv,DEBUG,0
2024-04-24T14:53:17+0000,DEBUG,29.csv,DEBUG,0
2024-04-24T14:57:19+0000,DEBUG,3.csv,DEBUG,0
2024-04-24T14:58:35+0000,DEBUG,11.csv,DEBUG,0
2024-04-24T15:00:05+0000,DEBUG,38.csv,DEBUG,0
2024-04-24T15:01:25+0000,DEBUG,26.csv,DEBUG,0
2024-04-24T15:04:40+0000,DEBUG,25.csv,DEBUG,0
2024-04-24T15:04:46+0000,DEBUG,23.csv,DEBUG,0
2024-04-24T19:42:49+0000,DEBUG,8.csv,DEBUG,0
2024-04-24T19:45:56+0000,DEBUG,22.csv,DEBUG,0
2024-04-24T19:47:56+0000,DEBUG,32.csv,DEBUG,0
2024-04-24T19:49:53+0000,DEBUG,36.csv,DEBUG,0
2024-04-24T19:51:57+0000,DEBUG,10.csv,DEBUG,0
2024-04-24T19:52:03+0000,DEBUG,24.csv,DEBUG,0
2024-04-24T19:52:19+0000,DEBUG,34.csv,DEBUG,0
2024-04-24T19:54:24+0000,DEBUG,5.csv,DEBUG,0
2024-04-24T19:54:28+0000,DEBUG,14.csv,DEBUG,0
2024-04-24T19:55:41+0000,DEBUG,2.csv,DEBUG,0
2024-04-24T19:56:15+0000,DEBUG,21.csv,DEBUG,0
2024-04-24T20:00:24+0000,DEBUG,12.csv,DEBUG,0
2024-04-24T20:01:27+0000,DEBUG,31.csv,DEBUG,0
2024-04-24T20:02:27+0000,DEBUG,15.csv,DEBUG,0
2024-04-24T20:04:01+0000,DEBUG,35.csv,DEBUG,0
2024-04-24T20:05:15+0000,DEBUG,27.csv,DEBUG,0
2024-04-24T20:06:33+0000,DEBUG,9.csv,DEBUG,0
2024-04-24T20:08:18+0000,DEBUG,33.csv,DEBUG,0
2024-04-24T20:12:02+0000,DEBUG,6.csv,DEBUG,0
2024-04-24T20:14:25+0000,DEBUG,39.csv,DEBUG,0
2024-04-24T20:15:12+0000,DEBUG,4.csv,DEBUG,0
2024-04-24T20:17:01+0000,DEBUG,30.csv,DEBUG,0
2024-04-24T20:18:56+0000,DEBUG,19.csv,DEBUG,0
2024-04-24T20:20:19+0000,DEBUG,13.csv,DEBUG,0
2024-04-24T20:21:14+0000,DEBUG,1.csv,DEBUG,0
2024-04-24T20:25:07+0000,DEBUG,39.csv,DEBUG,0
2024-04-24T20:26:02+0000,DEBUG,29.csv,DEBUG,0
2024-04-24T20:27:04+0000,DEBUG,36.csv,DEBUG,0
2024-04-24T20:28:09+0000,DEBUG,3.csv,DEBUG,0
2024-04-24T20:30:36+0000,DEBUG,18.csv,DEBUG,0
2024-04-24T20:33:03+0000,DEBUG,14.csv,DEBUG,0
2024-04-24T20:34:07+0000,DEBUG,1.csv,DEBUG,0
2024-04-24T20:34:44+0000,DEBUG,2.csv,DEBUG,0
2024-04-24T20:35:25+0000,DEBUG,3.csv,DEBUG,0
2024-04-24T20:36:43+0000,DEBUG,19.csv,DEBUG,0
2024-04-24T20:40:01+0000,DEBUG,9.csv,DEBUG,0
2024-04-24T20:40:47+0000,DEBUG,12.csv,DEBUG,0
2024-04-24T20:43:05+0000,DEBUG,24.csv,DEBUG,0
2024-04-24T20:48:12+0000,DEBUG,13.csv,DEBUG,0
2024-04-24T20:50:38+0000,DEBUG,3.csv,DEBUG,0
2024-04-24T20:50:59+0000,DEBUG,40.csv,DEBUG,0
2024-04-24T20:52:25+0000,DEBUG,32.csv,DEBUG,0
2024-04-24T20:58:45+0000,DEBUG,16.csv,DEBUG,0
2024-04-24T21:00:52+0000,DEBUG,33.csv,DEBUG,0
2024-04-24T21:05:33+0000,DEBUG,2.csv,DEBUG,0
2024-04-24T21:05:36+0000,DEBUG,4.csv,DEBUG,0
2024-04-24T21:06:10+0000,DEBUG,6.csv,DEBUG,0
2024-04-24T21:06:13+0000,DEBUG,11.csv,DEBUG,0
2024-04-24T21:06:17+0000,DEBUG,22.csv,DEBUG,0
2024-04-24T21:06:33+0000,DEBUG,5.csv,DEBUG,0
2024-04-24T21:14:20+0000,DEBUG,30.csv,DEBUG,0
2024-04-24T21:15:08+0000,DEBUG,36.csv,DEBUG,0
2024-04-24T21:15:08+0000,DEBUG,18.csv,DEBUG,0
2024-04-24T21:15:08+0000,DEBUG,1.csv,DEBUG,0
2024-04-24T21:15:08+0000,DEBUG,38.csv,DEBUG,0
2024-04-24T21:16:02+0000,DEBUG,15.csv,DEBUG,0
2024-04-24T21:18:51+0000,DEBUG,34.csv,DEBUG,0
2024-04-24T21:21:00+0000,DEBUG,26.csv,DEBUG,0
2024-04-24T21:21:03+0000,DEBUG,17.csv,DEBUG,0
2024-04-24T21:21:09+0000,DEBUG,10.csv,DEBUG,0
2024-04-24T21:23:21+0000,DEBUG,31.csv,DEBUG,0
2024-04-24T21:23:25+0000,DEBUG,8.csv,DEBUG,0
2024-04-24T21:23:53+0000,DEBUG,14.csv,DEBUG,0
2024-04-24T21:24:16+0000,DEBUG,39.csv,DEBUG,0